LOTE;REPETICAO;SEMENTE;CLASSE;VIGOR;% VERMELHO;;;;;;;;;;;;;;;;;;;;
1;1;1;3;0;54.54251036;;;;;;;;;;;;;;;;;;;;
1;1;2;3;0;80.03673312;;;;;;;;;;;;;;;;;;;;
1;1;3;3;0;64.30843362;;;;;;;;;;;;;;;;;;;;
1;1;4;2;0;54.21127022;;;;;;;;;;;;;;;;;;;;
1;1;5;3;0;13.10299746;;;;;;;;;;;;;;;;;;;;
1;1;6;3;0;18.83071276;;;;;;;;;;;;;;;;;;;;
1;1;7;4;1;89.63765436;;;;;;;;;;;;;;;;;;;;
1;1;8;3;0;93.18779413;;;;;;;;;;;;;;;;;;;;
1;1;9;5;1;32.76363164;;;;;;;;;;;;;;;;;;;;
1;1;10;5;1;30.60473349;;;;;;;;;;;;;;;;;;;;
1;1;11;5;1;49.05547651;;;;;;;;;;;;;;;;;;;;
1;1;12;5;1;21.60554724;;;;;;;;;;;;;;;;;;;;
1;1;13;5;1;59.3457237;;;;;;;;;;;;;;;;;;;;
1;1;14;5;1;11.8395803;;;;;;;;;;;;;;;;;;;;
1;1;15;4;1;73.71253236;;;;;;;;;;;;;;;;;;;;
1;1;16;2;0;94.19369983;;;;;;;;;;;;;;;;;;;;
1;1;17;4;1;91.46848107;;;;;;;;;;;;;;;;;;;;
1;1;18;3;0;13.43824485;;;;;;;;;;;;;;;;;;;;
1;1;19;3;0;0.194818155;;;;;;;;;;;;;;;;;;;;
1;1;20;3;0;39.86058679;;;;;;;;;;;;;;;;;;;;
1;1;21;3;1;99.3616814;;;;;;;;;;;;;;;;;;;;
1;1;22;3;1;51.44413845;;;;;;;;;;;;;;;;;;;;
1;1;23;4;1;71.39101604;;;;;;;;;;;;;;;;;;;;
1;1;24;4;1;36.91115032;;;;;;;;;;;;;;;;;;;;
1;1;25;3;0;38.81477636;;;;;;;;;;;;;;;;;;;;
1;1;26;4;1;68.29499338;;;;;;;;;;;;;;;;;;;;
1;1;27;4;1;66.98381267;;;;;;;;;;;;;;;;;;;;
1;1;28;3;0;34.98377996;;;;;;;;;;;;;;;;;;;;
1;1;29;4;1;42.45821438;;;;;;;;;;;;;;;;;;;;
1;1;30;3;0;83.67349848;;;;;;;;;;;;;;;;;;;;
1;1;31;4;1;42.49345217;;;;;;;;;;;;;;;;;;;;
1;1;32;4;1;30.96587241;;;;;;;;;;;;;;;;;;;;
1;1;33;3;0;88.58282218;;;;;;;;;;;;;;;;;;;;
1;1;34;4;1;94.31033153;;;;;;;;;;;;;;;;;;;;
1;1;35;3;0;96.71162963;;;;;;;;;;;;;;;;;;;;
1;1;36;4;1;92.13501156;;;;;;;;;;;;;;;;;;;;
1;1;37;4;1;2.417794941;;;;;;;;;;;;;;;;;;;;
1;1;38;3;0;11.35356976;;;;;;;;;;;;;;;;;;;;
1;1;39;4;1;38.28451504;;;;;;;;;;;;;;;;;;;;
1;1;40;4;1;2.283658888;;;;;;;;;;;;;;;;;;;;
1;1;41;4;1;63.53487194;;;;;;;;;;;;;;;;;;;;
1;1;42;2;0;19.14503918;;;;;;;;;;;;;;;;;;;;
1;1;43;6;1;2.878770683;;;;;;;;;;;;;;;;;;;;
1;1;44;5;1;28.42406137;;;;;;;;;;;;;;;;;;;;
1;1;45;4;1;91.32222149;;;;;;;;;;;;;;;;;;;;
1;1;46;4;1;96.12404051;;;;;;;;;;;;;;;;;;;;
1;1;47;4;1;36.96042248;;;;;;;;;;;;;;;;;;;;
1;1;48;3;0;43.9909246;;;;;;;;;;;;;;;;;;;;
1;1;49;4;0;85.8824529;;;;;;;;;;;;;;;;;;;;
1;1;50;4;0;42.84022274;;;;;;;;;;;;;;;;;;;;
1;2;1;3;0;81.81358736;;;;;;;;;;;;;;;;;;;;
1;2;2;4;1;44.01353305;;;;;;;;;;;;;;;;;;;;
1;2;3;4;1;96.96490355;;;;;;;;;;;;;;;;;;;;
1;2;4;3;0;10.62835092;;;;;;;;;;;;;;;;;;;;
1;2;5;4;1;22.71131415;;;;;;;;;;;;;;;;;;;;
1;2;6;3;0;56.62633013;;;;;;;;;;;;;;;;;;;;
1;2;7;2;0;50.24288574;;;;;;;;;;;;;;;;;;;;
1;2;8;3;0;66.30195928;;;;;;;;;;;;;;;;;;;;
1;2;9;6;1;27.24976585;;;;;;;;;;;;;;;;;;;;
1;2;10;4;1;96.0641926;;;;;;;;;;;;;;;;;;;;
1;2;11;4;1;6.03901552;;;;;;;;;;;;;;;;;;;;
1;2;12;4;1;56.04419087;;;;;;;;;;;;;;;;;;;;
1;2;13;4;1;70.55411308;;;;;;;;;;;;;;;;;;;;
1;2;14;4;1;6.991002114;;;;;;;;;;;;;;;;;;;;
1;2;15;4;1;31.971391;;;;;;;;;;;;;;;;;;;;
1;2;16;3;0;59.53554174;;;;;;;;;;;;;;;;;;;;
1;2;17;3;0;7.924882397;;;;;;;;;;;;;;;;;;;;
1;2;18;4;1;67.00113651;;;;;;;;;;;;;;;;;;;;
1;2;19;3;0;0.285997088;;;;;;;;;;;;;;;;;;;;
1;2;20;3;0;28.55292855;;;;;;;;;;;;;;;;;;;;
1;2;21;4;1;81.10295453;;;;;;;;;;;;;;;;;;;;
1;2;22;4;1;47.73532489;;;;;;;;;;;;;;;;;;;;
1;2;23;4;1;69.90614623;;;;;;;;;;;;;;;;;;;;
1;2;24;6;1;24.19554162;;;;;;;;;;;;;;;;;;;;
1;2;25;4;1;97.5383075;;;;;;;;;;;;;;;;;;;;
1;2;26;3;0;67.45541603;;;;;;;;;;;;;;;;;;;;
1;2;27;4;1;90.98294995;;;;;;;;;;;;;;;;;;;;
1;2;28;4;1;32.5823244;;;;;;;;;;;;;;;;;;;;
1;2;29;4;1;37.67879525;;;;;;;;;;;;;;;;;;;;
1;2;30;3;0;14.48797939;;;;;;;;;;;;;;;;;;;;
1;2;31;3;0;28.93920535;;;;;;;;;;;;;;;;;;;;
1;2;32;2;0;19.3907271;;;;;;;;;;;;;;;;;;;;
1;2;33;5;1;67.71711704;;;;;;;;;;;;;;;;;;;;
1;2;34;4;1;4.116641393;;;;;;;;;;;;;;;;;;;;
1;2;35;4;1;15.38586419;;;;;;;;;;;;;;;;;;;;
1;2;36;3;0;34.95970311;;;;;;;;;;;;;;;;;;;;
1;2;37;4;1;18.3173188;;;;;;;;;;;;;;;;;;;;
1;2;38;4;1;20.26374605;;;;;;;;;;;;;;;;;;;;
1;2;39;5;1;81.82732374;;;;;;;;;;;;;;;;;;;;
1;2;40;3;0;41.04586436;;;;;;;;;;;;;;;;;;;;
1;2;41;1;0;45.94239683;;;;;;;;;;;;;;;;;;;;
1;2;42;4;1;55.87678032;;;;;;;;;;;;;;;;;;;;
1;2;43;2;0;56.35994942;;;;;;;;;;;;;;;;;;;;
1;2;44;2;0;37.29536043;;;;;;;;;;;;;;;;;;;;
1;2;45;4;1;49.19519362;;;;;;;;;;;;;;;;;;;;
1;2;46;2;0;7.262733038;;;;;;;;;;;;;;;;;;;;
1;2;47;1;0;91.51719699;;;;;;;;;;;;;;;;;;;;
1;2;48;4;1;69.04014044;;;;;;;;;;;;;;;;;;;;
1;2;49;4;1;0.986513771;;;;;;;;;;;;;;;;;;;;
1;2;50;1;0;46.00139051;;;;;;;;;;;;;;;;;;;;
2;1;1;3;1;92.52122949;;;;;;;;;;;;;;;;;;;;
2;1;2;3;0;27.87634761;;;;;;;;;;;;;;;;;;;;
2;1;3;4;1;31.45938953;;;;;;;;;;;;;;;;;;;;
2;1;4;3;1;37.71024743;;;;;;;;;;;;;;;;;;;;
2;1;5;2;0;27.61706467;;;;;;;;;;;;;;;;;;;;
2;1;6;4;1;82.9298373;;;;;;;;;;;;;;;;;;;;
2;1;7;4;1;97.67494841;;;;;;;;;;;;;;;;;;;;
2;1;8;4;1;37.49732242;;;;;;;;;;;;;;;;;;;;
2;1;9;4;1;95.94887546;;;;;;;;;;;;;;;;;;;;
2;1;10;3;0;35.74767065;;;;;;;;;;;;;;;;;;;;
2;1;11;4;1;73.71457208;;;;;;;;;;;;;;;;;;;;
2;1;12;4;1;86.63349311;;;;;;;;;;;;;;;;;;;;
2;1;13;4;1;23.7836121;;;;;;;;;;;;;;;;;;;;
2;1;14;4;1;83.17920196;;;;;;;;;;;;;;;;;;;;
2;1;15;3;0;61.67797089;;;;;;;;;;;;;;;;;;;;
2;1;16;4;1;78.82363505;;;;;;;;;;;;;;;;;;;;
2;1;17;4;1;27.36731263;;;;;;;;;;;;;;;;;;;;
2;1;18;4;1;46.34163516;;;;;;;;;;;;;;;;;;;;
2;1;19;5;1;99.20191706;;;;;;;;;;;;;;;;;;;;
2;1;20;3;0;60.81729687;;;;;;;;;;;;;;;;;;;;
2;1;21;2;0;22.0670446;;;;;;;;;;;;;;;;;;;;
2;1;22;4;1;59.3220966;;;;;;;;;;;;;;;;;;;;
2;1;23;4;1;13.17934762;;;;;;;;;;;;;;;;;;;;
2;1;24;5;1;30.84839459;;;;;;;;;;;;;;;;;;;;
2;1;25;4;1;70.36079395;;;;;;;;;;;;;;;;;;;;
2;1;26;4;1;99.85491041;;;;;;;;;;;;;;;;;;;;
2;1;27;3;0;42.12055483;;;;;;;;;;;;;;;;;;;;
2;1;28;3;0;77.37357995;;;;;;;;;;;;;;;;;;;;
2;1;29;3;0;87.83483265;;;;;;;;;;;;;;;;;;;;
2;1;30;4;1;84.52685009;;;;;;;;;;;;;;;;;;;;
2;1;31;4;1;65.67176438;;;;;;;;;;;;;;;;;;;;
2;1;32;3;0;15.6116048;;;;;;;;;;;;;;;;;;;;
2;1;33;5;1;14.73045986;;;;;;;;;;;;;;;;;;;;
2;1;34;3;0;84.20558564;;;;;;;;;;;;;;;;;;;;
2;1;35;3;0;22.9023544;;;;;;;;;;;;;;;;;;;;
2;1;36;4;1;1.436527801;;;;;;;;;;;;;;;;;;;;
2;1;37;4;1;26.70398352;;;;;;;;;;;;;;;;;;;;
2;1;38;4;1;29.62127398;;;;;;;;;;;;;;;;;;;;
2;1;39;3;0;7.580013521;;;;;;;;;;;;;;;;;;;;
2;1;40;4;1;60.58004253;;;;;;;;;;;;;;;;;;;;
2;1;41;4;1;35.33352058;;;;;;;;;;;;;;;;;;;;
2;1;42;3;0;58.47260854;;;;;;;;;;;;;;;;;;;;
2;1;43;4;1;2.400196393;;;;;;;;;;;;;;;;;;;;
2;1;44;3;0;57.9116707;;;;;;;;;;;;;;;;;;;;
2;1;45;3;0;78.68110559;;;;;;;;;;;;;;;;;;;;
2;1;46;4;1;83.0761464;;;;;;;;;;;;;;;;;;;;
2;1;47;3;0;31.82971554;;;;;;;;;;;;;;;;;;;;
2;1;48;3;0;48.72585469;;;;;;;;;;;;;;;;;;;;
2;1;49;5;1;38.3782051;;;;;;;;;;;;;;;;;;;;
2;1;50;4;1;39.82279194;;;;;;;;;;;;;;;;;;;;
2;2;1;4;1;61.74941614;;;;;;;;;;;;;;;;;;;;
2;2;2;4;1;51.96505051;;;;;;;;;;;;;;;;;;;;
2;2;3;2;0;10.30696138;;;;;;;;;;;;;;;;;;;;
2;2;4;3;0;89.46440242;;;;;;;;;;;;;;;;;;;;
2;2;5;3;0;79.36982978;;;;;;;;;;;;;;;;;;;;
2;2;6;4;1;47.53945529;;;;;;;;;;;;;;;;;;;;
2;2;7;4;1;9.852383793;;;;;;;;;;;;;;;;;;;;
2;2;8;4;1;42.20763071;;;;;;;;;;;;;;;;;;;;
2;2;9;3;0;67.62138638;;;;;;;;;;;;;;;;;;;;
2;2;10;4;1;92.29943516;;;;;;;;;;;;;;;;;;;;
2;2;11;3;0;69.9088267;;;;;;;;;;;;;;;;;;;;
2;2;12;4;1;18.95511176;;;;;;;;;;;;;;;;;;;;
2;2;13;2;0;56.04424355;;;;;;;;;;;;;;;;;;;;
2;2;14;4;1;42.79080531;;;;;;;;;;;;;;;;;;;;
2;2;15;4;1;45.9575442;;;;;;;;;;;;;;;;;;;;
2;2;16;4;1;69.42555619;;;;;;;;;;;;;;;;;;;;
2;2;17;4;1;78.85617112;;;;;;;;;;;;;;;;;;;;
2;2;18;4;1;18.28573408;;;;;;;;;;;;;;;;;;;;
2;2;19;2;0;55.44160885;;;;;;;;;;;;;;;;;;;;
2;2;20;3;0;18.46543129;;;;;;;;;;;;;;;;;;;;
2;2;21;4;1;56.89279758;;;;;;;;;;;;;;;;;;;;
2;2;22;4;1;78.85641784;;;;;;;;;;;;;;;;;;;;
2;2;23;4;1;27.9048179;;;;;;;;;;;;;;;;;;;;
2;2;24;3;0;5.439267578;;;;;;;;;;;;;;;;;;;;
2;2;25;2;0;12.93210635;;;;;;;;;;;;;;;;;;;;
2;2;26;4;1;46.73163869;;;;;;;;;;;;;;;;;;;;
2;2;27;4;1;65.38797496;;;;;;;;;;;;;;;;;;;;
2;2;28;4;1;7.084042802;;;;;;;;;;;;;;;;;;;;
2;2;29;3;0;16.60359762;;;;;;;;;;;;;;;;;;;;
2;2;30;4;1;81.60326406;;;;;;;;;;;;;;;;;;;;
2;2;31;4;1;82.79065969;;;;;;;;;;;;;;;;;;;;
2;2;32;4;1;43.40912867;;;;;;;;;;;;;;;;;;;;
2;2;33;4;1;2.600193532;;;;;;;;;;;;;;;;;;;;
2;2;34;4;1;54.81761003;;;;;;;;;;;;;;;;;;;;
2;2;35;4;1;65.62480731;;;;;;;;;;;;;;;;;;;;
2;2;36;4;1;38.64182603;;;;;;;;;;;;;;;;;;;;
2;2;37;3;0;90.09203183;;;;;;;;;;;;;;;;;;;;
2;2;38;3;0;94.52890202;;;;;;;;;;;;;;;;;;;;
2;2;39;4;1;68.09614648;;;;;;;;;;;;;;;;;;;;
2;2;40;3;0;90.90979985;;;;;;;;;;;;;;;;;;;;
2;2;41;4;1;85.00226982;;;;;;;;;;;;;;;;;;;;
2;2;42;4;1;55.38707322;;;;;;;;;;;;;;;;;;;;
2;2;43;3;0;59.52982657;;;;;;;;;;;;;;;;;;;;
2;2;44;3;0;50.24385694;;;;;;;;;;;;;;;;;;;;
2;2;45;2;0;32.29560294;;;;;;;;;;;;;;;;;;;;
2;2;46;2;0;21.69459186;;;;;;;;;;;;;;;;;;;;
2;2;47;4;1;70.4135598;;;;;;;;;;;;;;;;;;;;
2;2;48;4;1;26.53068345;;;;;;;;;;;;;;;;;;;;
2;2;49;4;1;81.92396546;;;;;;;;;;;;;;;;;;;;
2;2;50;3;0;32.92363888;;;;;;;;;;;;;;;;;;;;
3;1;1;4;1;0.729092224;;;;;;;;;;;;;;;;;;;;
3;1;2;4;1;36.43529675;;;;;;;;;;;;;;;;;;;;
3;1;3;4;1;94.53687339;;;;;;;;;;;;;;;;;;;;
3;1;4;5;1;72.15852814;;;;;;;;;;;;;;;;;;;;
3;1;5;4;1;71.1310104;;;;;;;;;;;;;;;;;;;;
3;1;6;4;1;60.55727002;;;;;;;;;;;;;;;;;;;;
3;1;7;4;1;91.14962112;;;;;;;;;;;;;;;;;;;;
3;1;8;4;1;86.13576623;;;;;;;;;;;;;;;;;;;;
3;1;9;4;1;97.54775137;;;;;;;;;;;;;;;;;;;;
3;1;10;4;1;61.52772653;;;;;;;;;;;;;;;;;;;;
3;1;11;3;0;86.84700222;;;;;;;;;;;;;;;;;;;;
3;1;12;4;1;33.76063491;;;;;;;;;;;;;;;;;;;;
3;1;13;3;0;86.92378193;;;;;;;;;;;;;;;;;;;;
3;1;14;4;1;88.21903836;;;;;;;;;;;;;;;;;;;;
3;1;15;4;1;57.06685878;;;;;;;;;;;;;;;;;;;;
3;1;16;5;1;74.97633843;;;;;;;;;;;;;;;;;;;;
3;1;17;4;1;78.28468498;;;;;;;;;;;;;;;;;;;;
3;1;18;4;1;69.06834843;;;;;;;;;;;;;;;;;;;;
3;1;19;4;1;91.66471242;;;;;;;;;;;;;;;;;;;;
3;1;20;5;1;24.36629747;;;;;;;;;;;;;;;;;;;;
3;1;21;4;1;55.53881047;;;;;;;;;;;;;;;;;;;;
3;1;22;3;0;58.11133656;;;;;;;;;;;;;;;;;;;;
3;1;23;3;0;81.54714724;;;;;;;;;;;;;;;;;;;;
3;1;24;4;1;78.9232868;;;;;;;;;;;;;;;;;;;;
3;1;25;4;1;71.92315262;;;;;;;;;;;;;;;;;;;;
3;1;26;4;1;67.82412537;;;;;;;;;;;;;;;;;;;;
3;1;27;5;1;24.30247399;;;;;;;;;;;;;;;;;;;;
3;1;28;4;1;88.80791037;;;;;;;;;;;;;;;;;;;;
3;1;29;4;1;68.57094129;;;;;;;;;;;;;;;;;;;;
3;1;30;4;1;58.92177804;;;;;;;;;;;;;;;;;;;;
3;1;31;1;0;90.37283944;;;;;;;;;;;;;;;;;;;;
3;1;32;4;1;52.28253214;;;;;;;;;;;;;;;;;;;;
3;1;33;3;0;72.75235031;;;;;;;;;;;;;;;;;;;;
3;1;34;4;1;75.24951304;;;;;;;;;;;;;;;;;;;;
3;1;35;4;1;0.39275794;;;;;;;;;;;;;;;;;;;;
3;1;36;4;1;57.40611332;;;;;;;;;;;;;;;;;;;;
3;1;37;4;1;51.01533096;;;;;;;;;;;;;;;;;;;;
3;1;38;3;0;69.26351214;;;;;;;;;;;;;;;;;;;;
3;1;39;3;0;91.12598822;;;;;;;;;;;;;;;;;;;;
3;1;40;4;1;34.5910555;;;;;;;;;;;;;;;;;;;;
3;1;41;3;0;77.342923;;;;;;;;;;;;;;;;;;;;
3;1;42;4;1;97.68126388;;;;;;;;;;;;;;;;;;;;
3;1;43;3;0;85.99194304;;;;;;;;;;;;;;;;;;;;
3;1;44;3;0;81.65433277;;;;;;;;;;;;;;;;;;;;
3;1;45;3;0;95.67215893;;;;;;;;;;;;;;;;;;;;
3;1;46;4;1;98.43923452;;;;;;;;;;;;;;;;;;;;
3;1;47;4;1;9.757256675;;;;;;;;;;;;;;;;;;;;
3;1;48;5;1;6.002480334;;;;;;;;;;;;;;;;;;;;
3;1;49;4;1;47.88432931;;;;;;;;;;;;;;;;;;;;
3;1;50;4;1;18.10004135;;;;;;;;;;;;;;;;;;;;
3;2;1;4;1;43.26920413;;;;;;;;;;;;;;;;;;;;
3;2;2;4;1;63.46993418;;;;;;;;;;;;;;;;;;;;
3;2;3;4;1;33.5282665;;;;;;;;;;;;;;;;;;;;
3;2;4;4;1;91.58101329;;;;;;;;;;;;;;;;;;;;
3;2;5;4;1;2.193106593;;;;;;;;;;;;;;;;;;;;
3;2;6;4;1;70.68559012;;;;;;;;;;;;;;;;;;;;
3;2;7;4;1;24.13671709;;;;;;;;;;;;;;;;;;;;
3;2;8;5;1;84.93997994;;;;;;;;;;;;;;;;;;;;
3;2;9;4;1;8.362397428;;;;;;;;;;;;;;;;;;;;
3;2;10;4;1;34.61375251;;;;;;;;;;;;;;;;;;;;
3;2;11;6;1;21.53070233;;;;;;;;;;;;;;;;;;;;
3;2;12;4;1;59.07766555;;;;;;;;;;;;;;;;;;;;
3;2;13;4;1;69.01470604;;;;;;;;;;;;;;;;;;;;
3;2;14;6;1;28.57403517;;;;;;;;;;;;;;;;;;;;
3;2;15;4;1;94.50562035;;;;;;;;;;;;;;;;;;;;
3;2;16;4;1;28.6572597;;;;;;;;;;;;;;;;;;;;
3;2;17;4;1;16.22715429;;;;;;;;;;;;;;;;;;;;
3;2;18;2;0;39.08267731;;;;;;;;;;;;;;;;;;;;
3;2;19;4;1;6.739798103;;;;;;;;;;;;;;;;;;;;
3;2;20;4;1;83.88395003;;;;;;;;;;;;;;;;;;;;
3;2;21;3;0;47.53824275;;;;;;;;;;;;;;;;;;;;
3;2;22;4;1;16.4825617;;;;;;;;;;;;;;;;;;;;
3;2;23;4;1;54.45328027;;;;;;;;;;;;;;;;;;;;
3;2;24;6;1;60.0380599;;;;;;;;;;;;;;;;;;;;
3;2;25;4;1;41.72133376;;;;;;;;;;;;;;;;;;;;
3;2;26;6;1;73.22065844;;;;;;;;;;;;;;;;;;;;
3;2;27;4;1;16.25135254;;;;;;;;;;;;;;;;;;;;
3;2;28;4;1;6.137870112;;;;;;;;;;;;;;;;;;;;
3;2;29;3;0;68.65289413;;;;;;;;;;;;;;;;;;;;
3;2;30;4;1;10.82788677;;;;;;;;;;;;;;;;;;;;
3;2;31;5;1;97.55534059;;;;;;;;;;;;;;;;;;;;
3;2;32;2;0;92.93652504;;;;;;;;;;;;;;;;;;;;
3;2;33;4;1;8.55159712;;;;;;;;;;;;;;;;;;;;
3;2;34;6;1;69.21736307;;;;;;;;;;;;;;;;;;;;
3;2;35;5;1;24.80832814;;;;;;;;;;;;;;;;;;;;
3;2;36;6;1;56.24338579;;;;;;;;;;;;;;;;;;;;
3;2;37;4;1;98.89114205;;;;;;;;;;;;;;;;;;;;
3;2;38;4;1;60.11490534;;;;;;;;;;;;;;;;;;;;
3;2;39;3;0;73.45548537;;;;;;;;;;;;;;;;;;;;
3;2;40;4;1;82.23999298;;;;;;;;;;;;;;;;;;;;
3;2;41;4;1;20.07543617;;;;;;;;;;;;;;;;;;;;
3;2;42;4;1;80.97360684;;;;;;;;;;;;;;;;;;;;
3;2;43;5;1;86.4628503;;;;;;;;;;;;;;;;;;;;
3;2;44;5;1;52.93437043;;;;;;;;;;;;;;;;;;;;
3;2;45;4;1;35.70977053;;;;;;;;;;;;;;;;;;;;
3;2;46;4;1;78.34966926;;;;;;;;;;;;;;;;;;;;
3;2;47;4;1;63.04777852;;;;;;;;;;;;;;;;;;;;
3;2;48;6;1;18.36425939;;;;;;;;;;;;;;;;;;;;
3;2;49;4;1;0.139932525;;;;;;;;;;;;;;;;;;;;
3;2;50;4;1;23.33131493;;;;;;;;;;;;;;;;;;;;
4;1;1;4;1;41.70181044;;;;;;;;;;;;;;;;;;;;
4;1;2;5;1;54.80594098;;;;;;;;;;;;;;;;;;;;
4;1;3;4;1;21.94279191;;;;;;;;;;;;;;;;;;;;
4;1;4;4;1;21.0597216;;;;;;;;;;;;;;;;;;;;
4;1;5;4;1;17.87338622;;;;;;;;;;;;;;;;;;;;
4;1;6;4;1;48.68348819;;;;;;;;;;;;;;;;;;;;
4;1;7;4;1;22.03835973;;;;;;;;;;;;;;;;;;;;
4;1;8;3;0;20.86010154;;;;;;;;;;;;;;;;;;;;
4;1;9;4;1;46.09181858;;;;;;;;;;;;;;;;;;;;
4;1;10;4;1;95.97130687;;;;;;;;;;;;;;;;;;;;
4;1;11;5;1;58.35185208;;;;;;;;;;;;;;;;;;;;
4;1;12;5;1;85.09518089;;;;;;;;;;;;;;;;;;;;
4;1;13;4;1;36.77753534;;;;;;;;;;;;;;;;;;;;
4;1;14;4;1;33.29213712;;;;;;;;;;;;;;;;;;;;
4;1;15;3;0;22.40778028;;;;;;;;;;;;;;;;;;;;
4;1;16;3;0;69.57758436;;;;;;;;;;;;;;;;;;;;
4;1;17;4;1;0.203260779;;;;;;;;;;;;;;;;;;;;
4;1;18;5;1;48.31356701;;;;;;;;;;;;;;;;;;;;
4;1;19;3;0;68.02681492;;;;;;;;;;;;;;;;;;;;
4;1;20;6;1;32.45499258;;;;;;;;;;;;;;;;;;;;
4;1;21;3;0;20.20497962;;;;;;;;;;;;;;;;;;;;
4;1;22;4;1;27.15653625;;;;;;;;;;;;;;;;;;;;
4;1;23;5;1;0.67248547;;;;;;;;;;;;;;;;;;;;
4;1;24;4;1;30.58847231;;;;;;;;;;;;;;;;;;;;
4;1;25;3;0;10.33569242;;;;;;;;;;;;;;;;;;;;
4;1;26;4;1;7.816582287;;;;;;;;;;;;;;;;;;;;
4;1;27;4;1;65.78573721;;;;;;;;;;;;;;;;;;;;
4;1;28;4;1;89.97199756;;;;;;;;;;;;;;;;;;;;
4;1;29;3;0;38.78820825;;;;;;;;;;;;;;;;;;;;
4;1;30;6;1;26.82937862;;;;;;;;;;;;;;;;;;;;
4;1;31;3;0;94.07469037;;;;;;;;;;;;;;;;;;;;
4;1;32;4;1;24.89361819;;;;;;;;;;;;;;;;;;;;
4;1;33;3;0;98.08534993;;;;;;;;;;;;;;;;;;;;
4;1;34;3;0;39.74552591;;;;;;;;;;;;;;;;;;;;
4;1;35;4;1;44.79824803;;;;;;;;;;;;;;;;;;;;
4;1;36;4;1;70.71540749;;;;;;;;;;;;;;;;;;;;
4;1;37;5;1;2.609760223;;;;;;;;;;;;;;;;;;;;
4;1;38;4;1;39.08712119;;;;;;;;;;;;;;;;;;;;
4;1;39;4;1;53.83859708;;;;;;;;;;;;;;;;;;;;
4;1;40;3;0;44.92504969;;;;;;;;;;;;;;;;;;;;
4;1;41;4;1;51.99468624;;;;;;;;;;;;;;;;;;;;
4;1;42;3;0;60.30790018;;;;;;;;;;;;;;;;;;;;
4;1;43;4;1;23.18480734;;;;;;;;;;;;;;;;;;;;
4;1;44;4;1;90.79533956;;;;;;;;;;;;;;;;;;;;
4;1;45;3;0;84.77738328;;;;;;;;;;;;;;;;;;;;
4;1;46;5;1;26.28259246;;;;;;;;;;;;;;;;;;;;
4;1;47;3;0;78.22769661;;;;;;;;;;;;;;;;;;;;
4;1;48;4;1;60.1614577;;;;;;;;;;;;;;;;;;;;
4;1;49;4;1;76.56068751;;;;;;;;;;;;;;;;;;;;
4;1;50;3;0;54.01913291;;;;;;;;;;;;;;;;;;;;
4;2;1;4;1;64.96252074;;;;;;;;;;;;;;;;;;;;
4;2;2;4;1;97.67426384;;;;;;;;;;;;;;;;;;;;
4;2;3;4;1;89.04714552;;;;;;;;;;;;;;;;;;;;
4;2;4;2;0;48.80521588;;;;;;;;;;;;;;;;;;;;
4;2;5;4;1;73.82267935;;;;;;;;;;;;;;;;;;;;
4;2;6;4;1;45.33532803;;;;;;;;;;;;;;;;;;;;
4;2;7;4;1;25.1467355;;;;;;;;;;;;;;;;;;;;
4;2;8;2;0;1.689362742;;;;;;;;;;;;;;;;;;;;
4;2;9;5;1;66.34105344;;;;;;;;;;;;;;;;;;;;
4;2;10;4;1;59.43619364;;;;;;;;;;;;;;;;;;;;
4;2;11;2;0;19.49648891;;;;;;;;;;;;;;;;;;;;
4;2;12;3;0;76.86078262;;;;;;;;;;;;;;;;;;;;
4;2;13;4;1;21.05405231;;;;;;;;;;;;;;;;;;;;
4;2;14;3;0;31.6547988;;;;;;;;;;;;;;;;;;;;
4;2;15;4;1;39.48956555;;;;;;;;;;;;;;;;;;;;
4;2;16;4;1;65.84132234;;;;;;;;;;;;;;;;;;;;
4;2;17;4;1;73.11420462;;;;;;;;;;;;;;;;;;;;
4;2;18;3;0;39.02203834;;;;;;;;;;;;;;;;;;;;
4;2;19;4;1;69.5197091;;;;;;;;;;;;;;;;;;;;
4;2;20;4;1;46.82962274;;;;;;;;;;;;;;;;;;;;
4;2;21;4;1;39.55339115;;;;;;;;;;;;;;;;;;;;
4;2;22;4;1;40.1796606;;;;;;;;;;;;;;;;;;;;
4;2;23;4;1;10.21758727;;;;;;;;;;;;;;;;;;;;
4;2;24;4;1;47.94642741;;;;;;;;;;;;;;;;;;;;
4;2;25;2;0;63.85591996;;;;;;;;;;;;;;;;;;;;
4;2;26;2;0;19.0981807;;;;;;;;;;;;;;;;;;;;
4;2;27;2;0;0.322797834;;;;;;;;;;;;;;;;;;;;
4;2;28;4;1;98.1558487;;;;;;;;;;;;;;;;;;;;
4;2;29;4;1;17.74127175;;;;;;;;;;;;;;;;;;;;
4;2;30;3;0;10.09267437;;;;;;;;;;;;;;;;;;;;
4;2;31;4;1;62.83795963;;;;;;;;;;;;;;;;;;;;
4;2;32;4;1;37.73638552;;;;;;;;;;;;;;;;;;;;
4;2;33;4;1;85.09309562;;;;;;;;;;;;;;;;;;;;
4;2;34;4;1;61.74072541;;;;;;;;;;;;;;;;;;;;
4;2;35;4;1;20.49529299;;;;;;;;;;;;;;;;;;;;
4;2;36;3;0;8.894131804;;;;;;;;;;;;;;;;;;;;
4;2;37;2;0;63.74043809;;;;;;;;;;;;;;;;;;;;
4;2;38;4;1;28.30267092;;;;;;;;;;;;;;;;;;;;
4;2;39;4;1;35.74006574;;;;;;;;;;;;;;;;;;;;
4;2;40;2;0;88.68889949;;;;;;;;;;;;;;;;;;;;
4;2;41;2;0;46.9926684;;;;;;;;;;;;;;;;;;;;
4;2;42;1;0;92.09562766;;;;;;;;;;;;;;;;;;;;
4;2;43;4;1;5.186253782;;;;;;;;;;;;;;;;;;;;
4;2;44;3;0;32.51333342;;;;;;;;;;;;;;;;;;;;
4;2;45;3;0;53.06722594;;;;;;;;;;;;;;;;;;;;
4;2;46;5;1;8.867763761;;;;;;;;;;;;;;;;;;;;
4;2;47;4;1;15.09148359;;;;;;;;;;;;;;;;;;;;
4;2;48;4;1;57.18842588;;;;;;;;;;;;;;;;;;;;
4;2;49;4;1;30.90803831;;;;;;;;;;;;;;;;;;;;
4;2;50;4;1;82.11312441;;;;;;;;;;;;;;;;;;;;
5;1;1;4;1;28.29939766;;;;;;;;;;;;;;;;;;;;
5;1;2;4;1;49.59591006;;;;;;;;;;;;;;;;;;;;
5;1;3;4;1;90.6380082;;;;;;;;;;;;;;;;;;;;
5;1;4;3;0;15.86332051;;;;;;;;;;;;;;;;;;;;
5;1;5;2;0;36.84462499;;;;;;;;;;;;;;;;;;;;
5;1;6;4;1;38.12263661;;;;;;;;;;;;;;;;;;;;
5;1;7;4;1;87.60147679;;;;;;;;;;;;;;;;;;;;
5;1;8;4;1;87.26744313;;;;;;;;;;;;;;;;;;;;
5;1;9;4;1;63.1352715;;;;;;;;;;;;;;;;;;;;
5;1;10;4;1;67.76110528;;;;;;;;;;;;;;;;;;;;
5;1;11;4;1;54.08665708;;;;;;;;;;;;;;;;;;;;
5;1;12;4;1;14.36291878;;;;;;;;;;;;;;;;;;;;
5;1;13;4;1;18.83261145;;;;;;;;;;;;;;;;;;;;
5;1;14;4;1;48.6364177;;;;;;;;;;;;;;;;;;;;
5;1;15;4;1;10.24130158;;;;;;;;;;;;;;;;;;;;
5;1;16;4;1;12.2051433;;;;;;;;;;;;;;;;;;;;
5;1;17;4;1;14.44362069;;;;;;;;;;;;;;;;;;;;
5;1;18;4;1;26.82186787;;;;;;;;;;;;;;;;;;;;
5;1;19;4;1;32.60897464;;;;;;;;;;;;;;;;;;;;
5;1;20;4;1;3.533253501;;;;;;;;;;;;;;;;;;;;
5;1;21;4;1;62.34298467;;;;;;;;;;;;;;;;;;;;
5;1;22;4;1;12.868141;;;;;;;;;;;;;;;;;;;;
5;1;23;2;0;80.68725558;;;;;;;;;;;;;;;;;;;;
5;1;24;4;1;77.53973883;;;;;;;;;;;;;;;;;;;;
5;1;25;4;1;66.40830067;;;;;;;;;;;;;;;;;;;;
5;1;26;4;1;73.02898909;;;;;;;;;;;;;;;;;;;;
5;1;27;4;1;80.44786015;;;;;;;;;;;;;;;;;;;;
5;1;28;4;1;55.37739791;;;;;;;;;;;;;;;;;;;;
5;1;29;4;1;73.3142231;;;;;;;;;;;;;;;;;;;;
5;1;30;4;1;81.88304848;;;;;;;;;;;;;;;;;;;;
5;1;31;4;1;4.910371939;;;;;;;;;;;;;;;;;;;;
5;1;32;4;1;88.09699228;;;;;;;;;;;;;;;;;;;;
5;1;33;4;1;52.44177599;;;;;;;;;;;;;;;;;;;;
5;1;34;3;0;83.10508858;;;;;;;;;;;;;;;;;;;;
5;1;35;3;0;75.85623975;;;;;;;;;;;;;;;;;;;;
5;1;36;4;1;55.07643422;;;;;;;;;;;;;;;;;;;;
5;1;37;4;1;95.53296003;;;;;;;;;;;;;;;;;;;;
5;1;38;4;1;86.1116474;;;;;;;;;;;;;;;;;;;;
5;1;39;4;1;68.99862567;;;;;;;;;;;;;;;;;;;;
5;1;40;4;1;50.88912424;;;;;;;;;;;;;;;;;;;;
5;1;41;4;1;15.8190449;;;;;;;;;;;;;;;;;;;;
5;1;42;2;0;21.80449464;;;;;;;;;;;;;;;;;;;;
5;1;43;4;1;26.03686525;;;;;;;;;;;;;;;;;;;;
5;1;44;4;1;51.31507371;;;;;;;;;;;;;;;;;;;;
5;1;45;4;1;23.65375724;;;;;;;;;;;;;;;;;;;;
5;1;46;2;0;64.7248513;;;;;;;;;;;;;;;;;;;;
5;1;47;4;1;1.585809559;;;;;;;;;;;;;;;;;;;;
5;1;48;4;1;89.79086502;;;;;;;;;;;;;;;;;;;;
5;1;49;4;1;60.60638133;;;;;;;;;;;;;;;;;;;;
5;1;50;4;1;13.29272909;;;;;;;;;;;;;;;;;;;;
5;2;1;4;1;5.576920176;;;;;;;;;;;;;;;;;;;;
5;2;2;4;1;30.40505354;;;;;;;;;;;;;;;;;;;;
5;2;3;4;1;36.17567674;;;;;;;;;;;;;;;;;;;;
5;2;4;4;1;83.95511847;;;;;;;;;;;;;;;;;;;;
5;2;5;4;1;37.92744578;;;;;;;;;;;;;;;;;;;;
5;2;6;2;0;57.45940217;;;;;;;;;;;;;;;;;;;;
5;2;7;4;1;50.11082118;;;;;;;;;;;;;;;;;;;;
5;2;8;4;1;63.04090276;;;;;;;;;;;;;;;;;;;;
5;2;9;4;1;95.49506328;;;;;;;;;;;;;;;;;;;;
5;2;10;4;1;75.22062039;;;;;;;;;;;;;;;;;;;;
5;2;11;4;1;36.61935009;;;;;;;;;;;;;;;;;;;;
5;2;12;4;1;68.17635241;;;;;;;;;;;;;;;;;;;;
5;2;13;4;1;65.24426138;;;;;;;;;;;;;;;;;;;;
5;2;14;4;1;7.768018089;;;;;;;;;;;;;;;;;;;;
5;2;15;3;0;50.96010158;;;;;;;;;;;;;;;;;;;;
5;2;16;4;1;38.01338609;;;;;;;;;;;;;;;;;;;;
5;2;17;3;0;45.59197306;;;;;;;;;;;;;;;;;;;;
5;2;18;4;1;20.80876766;;;;;;;;;;;;;;;;;;;;
5;2;19;4;1;46.70099584;;;;;;;;;;;;;;;;;;;;
5;2;20;4;1;37.7785549;;;;;;;;;;;;;;;;;;;;
5;2;21;3;0;16.56035472;;;;;;;;;;;;;;;;;;;;
5;2;22;4;1;22.50819436;;;;;;;;;;;;;;;;;;;;
5;2;23;4;1;61.71452023;;;;;;;;;;;;;;;;;;;;
5;2;24;4;1;14.98340595;;;;;;;;;;;;;;;;;;;;
5;2;25;3;0;63.71674695;;;;;;;;;;;;;;;;;;;;
5;2;26;3;0;32.68186909;;;;;;;;;;;;;;;;;;;;
5;2;27;3;0;36.61173025;;;;;;;;;;;;;;;;;;;;
5;2;28;4;1;0.912329579;;;;;;;;;;;;;;;;;;;;
5;2;29;4;1;42.9426612;;;;;;;;;;;;;;;;;;;;
5;2;30;2;0;34.04475251;;;;;;;;;;;;;;;;;;;;
5;2;31;4;1;19.82437356;;;;;;;;;;;;;;;;;;;;
5;2;32;4;1;17.86646509;;;;;;;;;;;;;;;;;;;;
5;2;33;4;1;38.00172022;;;;;;;;;;;;;;;;;;;;
5;2;34;2;0;37.22572342;;;;;;;;;;;;;;;;;;;;
5;2;35;3;0;77.23605879;;;;;;;;;;;;;;;;;;;;
5;2;36;4;1;82.94057696;;;;;;;;;;;;;;;;;;;;
5;2;37;3;0;48.16509998;;;;;;;;;;;;;;;;;;;;
5;2;38;3;0;8.642703408;;;;;;;;;;;;;;;;;;;;
5;2;39;4;1;78.48753182;;;;;;;;;;;;;;;;;;;;
5;2;40;4;1;36.62883425;;;;;;;;;;;;;;;;;;;;
5;2;41;3;0;49.31585948;;;;;;;;;;;;;;;;;;;;
5;2;42;3;0;33.21981759;;;;;;;;;;;;;;;;;;;;
5;2;43;3;0;7.104346517;;;;;;;;;;;;;;;;;;;;
5;2;44;4;1;10.91658502;;;;;;;;;;;;;;;;;;;;
5;2;45;3;0;61.84568327;;;;;;;;;;;;;;;;;;;;
5;2;46;2;0;13.25588222;;;;;;;;;;;;;;;;;;;;
5;2;47;3;0;52.17296367;;;;;;;;;;;;;;;;;;;;
5;2;48;3;0;84.55647826;;;;;;;;;;;;;;;;;;;;
5;2;49;4;1;83.15259332;;;;;;;;;;;;;;;;;;;;
5;2;50;3;0;78.86917868;;;;;;;;;;;;;;;;;;;;
6;1;1;6;1;81.56942021;;;;;;;;;;;;;;;;;;;;
6;1;2;4;1;21.64452564;;;;;;;;;;;;;;;;;;;;
6;1;3;4;1;3.701145781;;;;;;;;;;;;;;;;;;;;
6;1;4;4;1;84.41002766;;;;;;;;;;;;;;;;;;;;
6;1;5;3;0;46.45941077;;;;;;;;;;;;;;;;;;;;
6;1;6;3;0;46.76299762;;;;;;;;;;;;;;;;;;;;
6;1;7;4;1;14.55460239;;;;;;;;;;;;;;;;;;;;
6;1;8;4;1;29.03806837;;;;;;;;;;;;;;;;;;;;
6;1;9;4;1;44.98499128;;;;;;;;;;;;;;;;;;;;
6;1;10;3;0;15.83891145;;;;;;;;;;;;;;;;;;;;
6;1;11;4;1;87.56938622;;;;;;;;;;;;;;;;;;;;
6;1;12;4;1;41.50582519;;;;;;;;;;;;;;;;;;;;
6;1;13;4;1;36.45718116;;;;;;;;;;;;;;;;;;;;
6;1;14;4;1;64.25508732;;;;;;;;;;;;;;;;;;;;
6;1;15;3;0;52.89551712;;;;;;;;;;;;;;;;;;;;
6;1;16;4;1;96.00595163;;;;;;;;;;;;;;;;;;;;
6;1;17;4;1;4.599510274;;;;;;;;;;;;;;;;;;;;
6;1;18;4;1;86.34991245;;;;;;;;;;;;;;;;;;;;
6;1;19;4;1;71.993263;;;;;;;;;;;;;;;;;;;;
6;1;20;4;1;0.721256597;;;;;;;;;;;;;;;;;;;;
6;1;21;3;0;87.40076589;;;;;;;;;;;;;;;;;;;;
6;1;22;4;1;67.47757857;;;;;;;;;;;;;;;;;;;;
6;1;23;3;0;68.68039638;;;;;;;;;;;;;;;;;;;;
6;1;24;4;1;7.923201473;;;;;;;;;;;;;;;;;;;;
6;1;25;4;1;4.055635352;;;;;;;;;;;;;;;;;;;;
6;1;26;4;1;84.37094946;;;;;;;;;;;;;;;;;;;;
6;1;27;4;1;53.77244446;;;;;;;;;;;;;;;;;;;;
6;1;28;4;1;95.72347777;;;;;;;;;;;;;;;;;;;;
6;1;29;3;0;14.19430916;;;;;;;;;;;;;;;;;;;;
6;1;30;4;1;24.91236182;;;;;;;;;;;;;;;;;;;;
6;1;31;4;1;99.61802429;;;;;;;;;;;;;;;;;;;;
6;1;32;4;1;73.20634612;;;;;;;;;;;;;;;;;;;;
6;1;33;4;1;14.42746201;;;;;;;;;;;;;;;;;;;;
6;1;34;4;1;85.1802061;;;;;;;;;;;;;;;;;;;;
6;1;35;3;0;77.65727654;;;;;;;;;;;;;;;;;;;;
6;1;36;4;1;82.56946988;;;;;;;;;;;;;;;;;;;;
6;1;37;3;0;59.82002093;;;;;;;;;;;;;;;;;;;;
6;1;38;3;0;50.44836178;;;;;;;;;;;;;;;;;;;;
6;1;39;4;1;48.19900467;;;;;;;;;;;;;;;;;;;;
6;1;40;3;0;58.74867165;;;;;;;;;;;;;;;;;;;;
6;1;41;4;1;47.74868647;;;;;;;;;;;;;;;;;;;;
6;1;42;4;1;96.87019469;;;;;;;;;;;;;;;;;;;;
6;1;43;6;1;29.26682941;;;;;;;;;;;;;;;;;;;;
6;1;44;5;1;54.69652084;;;;;;;;;;;;;;;;;;;;
6;1;45;5;1;81.27641038;;;;;;;;;;;;;;;;;;;;
6;1;46;4;1;44.4767641;;;;;;;;;;;;;;;;;;;;
6;1;47;4;1;5.305148427;;;;;;;;;;;;;;;;;;;;
6;1;48;4;1;70.01967688;;;;;;;;;;;;;;;;;;;;
6;1;49;4;1;99.6153454;;;;;;;;;;;;;;;;;;;;
6;1;50;5;1;85.3419911;;;;;;;;;;;;;;;;;;;;
6;2;1;4;1;54.82030797;;;;;;;;;;;;;;;;;;;;
6;2;2;4;1;99.51691847;;;;;;;;;;;;;;;;;;;;
6;2;3;3;0;6.667591811;;;;;;;;;;;;;;;;;;;;
6;2;4;2;0;77.00735499;;;;;;;;;;;;;;;;;;;;
6;2;5;3;0;8.01717486;;;;;;;;;;;;;;;;;;;;
6;2;6;2;0;1.93298507;;;;;;;;;;;;;;;;;;;;
6;2;7;4;1;5.654063408;;;;;;;;;;;;;;;;;;;;
6;2;8;4;1;90.65123679;;;;;;;;;;;;;;;;;;;;
6;2;9;2;0;3.872955303;;;;;;;;;;;;;;;;;;;;
6;2;10;3;0;48.28853264;;;;;;;;;;;;;;;;;;;;
6;2;11;3;0;33.36441569;;;;;;;;;;;;;;;;;;;;
6;2;12;2;0;42.9121119;;;;;;;;;;;;;;;;;;;;
6;2;13;4;1;14.14416681;;;;;;;;;;;;;;;;;;;;
6;2;14;3;0;3.256162252;;;;;;;;;;;;;;;;;;;;
6;2;15;3;0;96.7872804;;;;;;;;;;;;;;;;;;;;
6;2;16;3;0;55.88528584;;;;;;;;;;;;;;;;;;;;
6;2;17;3;0;74.2893333;;;;;;;;;;;;;;;;;;;;
6;2;18;4;1;55.50831153;;;;;;;;;;;;;;;;;;;;
6;2;19;2;0;87.30223487;;;;;;;;;;;;;;;;;;;;
6;2;20;2;0;36.49244369;;;;;;;;;;;;;;;;;;;;
6;2;21;2;0;56.60554659;;;;;;;;;;;;;;;;;;;;
6;2;22;4;1;49.80189574;;;;;;;;;;;;;;;;;;;;
6;2;23;3;0;9.425231488;;;;;;;;;;;;;;;;;;;;
6;2;24;3;0;7.834294306;;;;;;;;;;;;;;;;;;;;
6;2;25;2;0;66.64650168;;;;;;;;;;;;;;;;;;;;
6;2;26;2;0;87.71862808;;;;;;;;;;;;;;;;;;;;
6;2;27;3;0;67.55354821;;;;;;;;;;;;;;;;;;;;
6;2;28;3;0;39.60368303;;;;;;;;;;;;;;;;;;;;
6;2;29;4;1;66.35920612;;;;;;;;;;;;;;;;;;;;
6;2;30;4;1;90.45707222;;;;;;;;;;;;;;;;;;;;
6;2;31;3;0;76.80289539;;;;;;;;;;;;;;;;;;;;
6;2;32;4;1;30.09724539;;;;;;;;;;;;;;;;;;;;
6;2;33;3;0;36.72309839;;;;;;;;;;;;;;;;;;;;
6;2;34;4;1;84.93123021;;;;;;;;;;;;;;;;;;;;
6;2;35;3;0;19.22196311;;;;;;;;;;;;;;;;;;;;
6;2;36;5;1;5.424310982;;;;;;;;;;;;;;;;;;;;
6;2;37;4;1;61.49666973;;;;;;;;;;;;;;;;;;;;
6;2;38;3;0;88.59169986;;;;;;;;;;;;;;;;;;;;
6;2;39;3;0;42.54414456;;;;;;;;;;;;;;;;;;;;
6;2;40;6;1;50.29441972;;;;;;;;;;;;;;;;;;;;
6;2;41;3;0;75.15590914;;;;;;;;;;;;;;;;;;;;
6;2;42;4;1;41.58478912;;;;;;;;;;;;;;;;;;;;
6;2;43;3;0;79.37822173;;;;;;;;;;;;;;;;;;;;
6;2;44;3;0;32.16596395;;;;;;;;;;;;;;;;;;;;
6;2;45;4;1;30.17227821;;;;;;;;;;;;;;;;;;;;
6;2;46;2;1;96.81844213;;;;;;;;;;;;;;;;;;;;
6;2;47;4;0;23.44046388;;;;;;;;;;;;;;;;;;;;
6;2;48;3;0;36.7716831;;;;;;;;;;;;;;;;;;;;
6;2;49;4;1;67.40440666;;;;;;;;;;;;;;;;;;;;
6;2;50;4;1;44.21489507;;;;;;;;;;;;;;;;;;;;
7;1;1;4;1;83.1665146;;;;;;;;;;;;;;;;;;;;
7;1;2;2;0;47.93958516;;;;;;;;;;;;;;;;;;;;
7;1;3;4;1;87.03309749;;;;;;;;;;;;;;;;;;;;
7;1;4;4;1;5.55460063;;;;;;;;;;;;;;;;;;;;
7;1;5;4;1;18.33741661;;;;;;;;;;;;;;;;;;;;
7;1;6;3;0;97.81267855;;;;;;;;;;;;;;;;;;;;
7;1;7;4;1;15.16195072;;;;;;;;;;;;;;;;;;;;
7;1;8;4;1;40.30713215;;;;;;;;;;;;;;;;;;;;
7;1;9;3;0;42.59326629;;;;;;;;;;;;;;;;;;;;
7;1;10;2;0;1.06121095;;;;;;;;;;;;;;;;;;;;
7;1;11;4;1;47.65943122;;;;;;;;;;;;;;;;;;;;
7;1;12;2;0;21.64334418;;;;;;;;;;;;;;;;;;;;
7;1;13;2;0;53.4452204;;;;;;;;;;;;;;;;;;;;
7;1;14;2;0;14.25491761;;;;;;;;;;;;;;;;;;;;
7;1;15;3;0;49.39652067;;;;;;;;;;;;;;;;;;;;
7;1;16;4;1;7.787614309;;;;;;;;;;;;;;;;;;;;
7;1;17;3;0;41.45258098;;;;;;;;;;;;;;;;;;;;
7;1;18;2;0;26.57846672;;;;;;;;;;;;;;;;;;;;
7;1;19;4;1;71.16263574;;;;;;;;;;;;;;;;;;;;
7;1;20;4;1;42.17047224;;;;;;;;;;;;;;;;;;;;
7;1;21;2;0;81.55778374;;;;;;;;;;;;;;;;;;;;
7;1;22;3;0;10.60697274;;;;;;;;;;;;;;;;;;;;
7;1;23;3;0;31.25409713;;;;;;;;;;;;;;;;;;;;
7;1;24;4;1;10.81420298;;;;;;;;;;;;;;;;;;;;
7;1;25;4;1;47.2964518;;;;;;;;;;;;;;;;;;;;
7;1;26;4;1;5.853265219;;;;;;;;;;;;;;;;;;;;
7;1;27;2;0;78.35849289;;;;;;;;;;;;;;;;;;;;
7;1;28;3;0;22.05488088;;;;;;;;;;;;;;;;;;;;
7;1;29;3;0;3.406042174;;;;;;;;;;;;;;;;;;;;
7;1;30;3;0;44.27088575;;;;;;;;;;;;;;;;;;;;
7;1;31;3;0;1.725946152;;;;;;;;;;;;;;;;;;;;
7;1;32;4;1;94.34650097;;;;;;;;;;;;;;;;;;;;
7;1;33;4;1;13.60316662;;;;;;;;;;;;;;;;;;;;
7;1;34;3;0;56.06474431;;;;;;;;;;;;;;;;;;;;
7;1;35;3;0;37.45977336;;;;;;;;;;;;;;;;;;;;
7;1;36;3;0;84.73552755;;;;;;;;;;;;;;;;;;;;
7;1;37;3;0;77.51231485;;;;;;;;;;;;;;;;;;;;
7;1;38;3;0;46.72073883;;;;;;;;;;;;;;;;;;;;
7;1;39;3;0;76.97365521;;;;;;;;;;;;;;;;;;;;
7;1;40;4;1;68.56160206;;;;;;;;;;;;;;;;;;;;
7;1;41;3;0;5.617395173;;;;;;;;;;;;;;;;;;;;
7;1;42;4;1;22.5163483;;;;;;;;;;;;;;;;;;;;
7;1;43;4;1;91.14583077;;;;;;;;;;;;;;;;;;;;
7;1;44;4;1;21.43529523;;;;;;;;;;;;;;;;;;;;
7;1;45;2;0;34.00897146;;;;;;;;;;;;;;;;;;;;
7;1;46;4;1;93.72666294;;;;;;;;;;;;;;;;;;;;
7;1;47;3;0;97.93735096;;;;;;;;;;;;;;;;;;;;
7;1;48;3;0;95.17264397;;;;;;;;;;;;;;;;;;;;
7;1;49;3;0;95.75720962;;;;;;;;;;;;;;;;;;;;
7;1;50;3;0;71.6959626;;;;;;;;;;;;;;;;;;;;
7;2;1;3;0;68.59226413;;;;;;;;;;;;;;;;;;;;
7;2;2;4;1;83.23804512;;;;;;;;;;;;;;;;;;;;
7;2;3;3;0;13.71116845;;;;;;;;;;;;;;;;;;;;
7;2;4;4;1;2.023105023;;;;;;;;;;;;;;;;;;;;
7;2;5;3;0;82.28399461;;;;;;;;;;;;;;;;;;;;
7;2;6;2;0;66.05365016;;;;;;;;;;;;;;;;;;;;
7;2;7;3;0;32.24467359;;;;;;;;;;;;;;;;;;;;
7;2;8;4;1;70.14031831;;;;;;;;;;;;;;;;;;;;
7;2;9;4;1;69.31465231;;;;;;;;;;;;;;;;;;;;
7;2;10;4;1;37.43701006;;;;;;;;;;;;;;;;;;;;
7;2;11;3;0;72.02720794;;;;;;;;;;;;;;;;;;;;
7;2;12;2;0;97.78911396;;;;;;;;;;;;;;;;;;;;
7;2;13;2;0;79.50445154;;;;;;;;;;;;;;;;;;;;
7;2;14;2;0;64.12052389;;;;;;;;;;;;;;;;;;;;
7;2;15;4;1;98.64465295;;;;;;;;;;;;;;;;;;;;
7;2;16;4;1;58.56333216;;;;;;;;;;;;;;;;;;;;
7;2;17;2;0;35.23961115;;;;;;;;;;;;;;;;;;;;
7;2;18;3;0;97.78974334;;;;;;;;;;;;;;;;;;;;
7;2;19;4;1;25.27975787;;;;;;;;;;;;;;;;;;;;
7;2;20;3;0;74.20783087;;;;;;;;;;;;;;;;;;;;
7;2;21;3;0;90.48459267;;;;;;;;;;;;;;;;;;;;
7;2;22;4;1;97.14839547;;;;;;;;;;;;;;;;;;;;
7;2;23;4;1;10.06101763;;;;;;;;;;;;;;;;;;;;
7;2;24;4;1;55.10616003;;;;;;;;;;;;;;;;;;;;
7;2;25;4;1;73.11041731;;;;;;;;;;;;;;;;;;;;
7;2;26;3;0;46.34248366;;;;;;;;;;;;;;;;;;;;
7;2;27;4;1;19.84445183;;;;;;;;;;;;;;;;;;;;
7;2;28;3;0;61.82248367;;;;;;;;;;;;;;;;;;;;
7;2;29;4;1;51.97257829;;;;;;;;;;;;;;;;;;;;
7;2;30;4;1;26.49146313;;;;;;;;;;;;;;;;;;;;
7;2;31;4;1;33.36045931;;;;;;;;;;;;;;;;;;;;
7;2;32;5;1;39.28260091;;;;;;;;;;;;;;;;;;;;
7;2;33;3;0;50.48678634;;;;;;;;;;;;;;;;;;;;
7;2;34;4;1;22.47369922;;;;;;;;;;;;;;;;;;;;
7;2;35;4;1;69.39003287;;;;;;;;;;;;;;;;;;;;
7;2;36;4;1;84.96703737;;;;;;;;;;;;;;;;;;;;
7;2;37;4;1;11.36108746;;;;;;;;;;;;;;;;;;;;
7;2;38;3;0;39.66945172;;;;;;;;;;;;;;;;;;;;
7;2;39;4;1;82.27153615;;;;;;;;;;;;;;;;;;;;
7;2;40;3;0;5.171861872;;;;;;;;;;;;;;;;;;;;
7;2;41;3;0;82.64034488;;;;;;;;;;;;;;;;;;;;
7;2;42;3;0;97.67045079;;;;;;;;;;;;;;;;;;;;
7;2;43;4;1;83.00839372;;;;;;;;;;;;;;;;;;;;
7;2;44;6;1;36.34431808;;;;;;;;;;;;;;;;;;;;
7;2;45;4;1;23.0470876;;;;;;;;;;;;;;;;;;;;
7;2;46;3;0;3.125160988;;;;;;;;;;;;;;;;;;;;
7;2;47;3;0;51.74225569;;;;;;;;;;;;;;;;;;;;
7;2;48;4;1;30.09292845;;;;;;;;;;;;;;;;;;;;
7;2;49;3;0;52.46733817;;;;;;;;;;;;;;;;;;;;
7;2;50;4;1;65.23065764;;;;;;;;;;;;;;;;;;;;
8;1;1;4;1;93.38313941;;;;;;;;;;;;;;;;;;;;
8;1;2;4;1;31.02496281;;;;;;;;;;;;;;;;;;;;
8;1;3;4;1;87.96911928;;;;;;;;;;;;;;;;;;;;
8;1;4;4;1;74.36276131;;;;;;;;;;;;;;;;;;;;
8;1;5;4;1;67.85344307;;;;;;;;;;;;;;;;;;;;
8;1;6;6;1;23.38859666;;;;;;;;;;;;;;;;;;;;
8;1;7;4;1;4.160987552;;;;;;;;;;;;;;;;;;;;
8;1;8;4;1;23.62635232;;;;;;;;;;;;;;;;;;;;
8;1;9;4;1;29.32837017;;;;;;;;;;;;;;;;;;;;
8;1;10;4;1;81.88724868;;;;;;;;;;;;;;;;;;;;
8;1;11;4;1;84.4987943;;;;;;;;;;;;;;;;;;;;
8;1;12;4;1;41.13789452;;;;;;;;;;;;;;;;;;;;
8;1;13;4;1;35.60056829;;;;;;;;;;;;;;;;;;;;
8;1;14;4;1;48.29966021;;;;;;;;;;;;;;;;;;;;
8;1;15;5;1;48.65382013;;;;;;;;;;;;;;;;;;;;
8;1;16;4;1;54.20029788;;;;;;;;;;;;;;;;;;;;
8;1;17;4;1;72.58089932;;;;;;;;;;;;;;;;;;;;
8;1;18;3;0;89.51062914;;;;;;;;;;;;;;;;;;;;
8;1;19;4;1;7.641588006;;;;;;;;;;;;;;;;;;;;
8;1;20;4;1;41.91320426;;;;;;;;;;;;;;;;;;;;
8;1;21;4;1;36.21071153;;;;;;;;;;;;;;;;;;;;
8;1;22;4;1;19.20994043;;;;;;;;;;;;;;;;;;;;
8;1;23;4;1;61.99289252;;;;;;;;;;;;;;;;;;;;
8;1;24;2;0;96.84972713;;;;;;;;;;;;;;;;;;;;
8;1;25;4;1;74.11163709;;;;;;;;;;;;;;;;;;;;
8;1;26;4;1;99.727624;;;;;;;;;;;;;;;;;;;;
8;1;27;4;1;47.76760083;;;;;;;;;;;;;;;;;;;;
8;1;28;4;1;4.54127703;;;;;;;;;;;;;;;;;;;;
8;1;29;4;1;82.09682523;;;;;;;;;;;;;;;;;;;;
8;1;30;4;1;1.874512025;;;;;;;;;;;;;;;;;;;;
8;1;31;6;1;15.20471822;;;;;;;;;;;;;;;;;;;;
8;1;32;4;1;88.03880711;;;;;;;;;;;;;;;;;;;;
8;1;33;4;1;99.95301979;;;;;;;;;;;;;;;;;;;;
8;1;34;5;1;5.879600343;;;;;;;;;;;;;;;;;;;;
8;1;35;5;1;21.65156318;;;;;;;;;;;;;;;;;;;;
8;1;36;4;1;36.15454906;;;;;;;;;;;;;;;;;;;;
8;1;37;4;1;6.642842739;;;;;;;;;;;;;;;;;;;;
8;1;38;4;1;79.96344847;;;;;;;;;;;;;;;;;;;;
8;1;39;3;0;35.779754;;;;;;;;;;;;;;;;;;;;
8;1;40;4;1;46.99509854;;;;;;;;;;;;;;;;;;;;
8;1;41;4;1;2.143167892;;;;;;;;;;;;;;;;;;;;
8;1;42;4;1;93.66071317;;;;;;;;;;;;;;;;;;;;
8;1;43;4;1;37.07885042;;;;;;;;;;;;;;;;;;;;
8;1;44;3;0;5.461843679;;;;;;;;;;;;;;;;;;;;
8;1;45;4;1;79.19679424;;;;;;;;;;;;;;;;;;;;
8;1;46;4;1;7.080771386;;;;;;;;;;;;;;;;;;;;
8;1;47;4;1;71.29763199;;;;;;;;;;;;;;;;;;;;
8;1;48;4;1;69.2214344;;;;;;;;;;;;;;;;;;;;
8;1;49;2;0;93.33332973;;;;;;;;;;;;;;;;;;;;
8;1;50;3;0;53.94449603;;;;;;;;;;;;;;;;;;;;
8;2;1;4;1;71.14942076;;;;;;;;;;;;;;;;;;;;
8;2;2;4;1;28.16223993;;;;;;;;;;;;;;;;;;;;
8;2;3;4;1;78.59075076;;;;;;;;;;;;;;;;;;;;
8;2;4;4;1;64.04439069;;;;;;;;;;;;;;;;;;;;
8;2;5;3;0;1.6451968;;;;;;;;;;;;;;;;;;;;
8;2;6;3;0;26.85248303;;;;;;;;;;;;;;;;;;;;
8;2;7;4;1;48.01631459;;;;;;;;;;;;;;;;;;;;
8;2;8;4;1;57.99854299;;;;;;;;;;;;;;;;;;;;
8;2;9;4;1;89.06257044;;;;;;;;;;;;;;;;;;;;
8;2;10;3;0;63.31307802;;;;;;;;;;;;;;;;;;;;
8;2;11;4;1;16.12953363;;;;;;;;;;;;;;;;;;;;
8;2;12;3;0;25.26751551;;;;;;;;;;;;;;;;;;;;
8;2;13;4;1;70.24624039;;;;;;;;;;;;;;;;;;;;
8;2;14;4;1;75.24186172;;;;;;;;;;;;;;;;;;;;
8;2;15;4;1;30.39425979;;;;;;;;;;;;;;;;;;;;
8;2;16;4;1;47.16918786;;;;;;;;;;;;;;;;;;;;
8;2;17;4;1;51.92115653;;;;;;;;;;;;;;;;;;;;
8;2;18;3;0;73.25010938;;;;;;;;;;;;;;;;;;;;
8;2;19;4;1;67.92247874;;;;;;;;;;;;;;;;;;;;
8;2;20;4;1;67.09430733;;;;;;;;;;;;;;;;;;;;
8;2;21;4;1;78.81433498;;;;;;;;;;;;;;;;;;;;
8;2;22;4;1;98.17469452;;;;;;;;;;;;;;;;;;;;
8;2;23;4;1;46.61821455;;;;;;;;;;;;;;;;;;;;
8;2;24;4;1;76.51155712;;;;;;;;;;;;;;;;;;;;
8;2;25;5;1;14.62282165;;;;;;;;;;;;;;;;;;;;
8;2;26;3;0;8.464525981;;;;;;;;;;;;;;;;;;;;
8;2;27;4;1;82.55227939;;;;;;;;;;;;;;;;;;;;
8;2;28;4;1;72.62119801;;;;;;;;;;;;;;;;;;;;
8;2;29;4;1;43.59745496;;;;;;;;;;;;;;;;;;;;
8;2;30;4;1;25.68335849;;;;;;;;;;;;;;;;;;;;
8;2;31;3;0;51.45425128;;;;;;;;;;;;;;;;;;;;
8;2;32;4;1;38.81621654;;;;;;;;;;;;;;;;;;;;
8;2;33;4;1;40.91265485;;;;;;;;;;;;;;;;;;;;
8;2;34;3;0;73.81921077;;;;;;;;;;;;;;;;;;;;
8;2;35;3;0;90.92172441;;;;;;;;;;;;;;;;;;;;
8;2;36;4;1;71.6373208;;;;;;;;;;;;;;;;;;;;
8;2;37;3;0;20.42531681;;;;;;;;;;;;;;;;;;;;
8;2;38;4;1;64.30387058;;;;;;;;;;;;;;;;;;;;
8;2;39;4;1;13.96029519;;;;;;;;;;;;;;;;;;;;
8;2;40;4;1;2.671338377;;;;;;;;;;;;;;;;;;;;
8;2;41;4;1;41.25716986;;;;;;;;;;;;;;;;;;;;
8;2;42;4;1;89.04733114;;;;;;;;;;;;;;;;;;;;
8;2;43;4;1;41.97535493;;;;;;;;;;;;;;;;;;;;
8;2;44;2;0;20.80377335;;;;;;;;;;;;;;;;;;;;
8;2;45;4;1;39.81406729;;;;;;;;;;;;;;;;;;;;
8;2;46;4;1;91.23103568;;;;;;;;;;;;;;;;;;;;
8;2;47;4;1;13.95857755;;;;;;;;;;;;;;;;;;;;
8;2;48;4;1;15.49831936;;;;;;;;;;;;;;;;;;;;
8;2;49;3;0;69.84792566;;;;;;;;;;;;;;;;;;;;
8;2;50;4;1;30.90704426;;;;;;;;;;;;;;;;;;;;
9;1;1;2;0;52.38078864;;;;;;;;;;;;;;;;;;;;
9;1;2;3;0;66.55101551;;;;;;;;;;;;;;;;;;;;
9;1;3;4;1;5.481795236;;;;;;;;;;;;;;;;;;;;
9;1;4;3;0;8.894022783;;;;;;;;;;;;;;;;;;;;
9;1;5;4;1;92.66809013;;;;;;;;;;;;;;;;;;;;
9;1;6;2;0;39.42728305;;;;;;;;;;;;;;;;;;;;
9;1;7;2;0;9.043514989;;;;;;;;;;;;;;;;;;;;
9;1;8;2;0;19.39817634;;;;;;;;;;;;;;;;;;;;
9;1;9;2;0;54.33914192;;;;;;;;;;;;;;;;;;;;
9;1;10;2;0;14.17608801;;;;;;;;;;;;;;;;;;;;
9;1;11;2;0;37.42521485;;;;;;;;;;;;;;;;;;;;
9;1;12;2;0;84.95272363;;;;;;;;;;;;;;;;;;;;
9;1;13;2;0;89.85410458;;;;;;;;;;;;;;;;;;;;
9;1;14;2;0;99.50049505;;;;;;;;;;;;;;;;;;;;
9;1;15;4;1;33.11677874;;;;;;;;;;;;;;;;;;;;
9;1;16;2;0;91.00737901;;;;;;;;;;;;;;;;;;;;
9;1;17;4;1;3.04317915;;;;;;;;;;;;;;;;;;;;
9;1;18;2;0;43.67562954;;;;;;;;;;;;;;;;;;;;
9;1;19;4;1;22.5946388;;;;;;;;;;;;;;;;;;;;
9;1;20;3;0;55.09918565;;;;;;;;;;;;;;;;;;;;
9;1;21;4;1;27.04219986;;;;;;;;;;;;;;;;;;;;
9;1;22;4;1;33.38901696;;;;;;;;;;;;;;;;;;;;
9;1;23;2;0;8.055809864;;;;;;;;;;;;;;;;;;;;
9;1;24;2;0;62.90249513;;;;;;;;;;;;;;;;;;;;
9;1;25;4;1;85.47868795;;;;;;;;;;;;;;;;;;;;
9;1;26;3;0;38.48786463;;;;;;;;;;;;;;;;;;;;
9;1;27;3;0;3.851874744;;;;;;;;;;;;;;;;;;;;
9;1;28;2;0;67.58971454;;;;;;;;;;;;;;;;;;;;
9;1;29;2;0;86.65208175;;;;;;;;;;;;;;;;;;;;
9;1;30;4;1;15.55524324;;;;;;;;;;;;;;;;;;;;
9;1;31;2;0;35.48264853;;;;;;;;;;;;;;;;;;;;
9;1;32;2;0;27.98135835;;;;;;;;;;;;;;;;;;;;
9;1;33;3;0;65.14013513;;;;;;;;;;;;;;;;;;;;
9;1;34;4;1;92.87424813;;;;;;;;;;;;;;;;;;;;
9;1;35;3;0;11.08501361;;;;;;;;;;;;;;;;;;;;
9;1;36;2;0;50.88530422;;;;;;;;;;;;;;;;;;;;
9;1;37;3;0;15.24041968;;;;;;;;;;;;;;;;;;;;
9;1;38;2;0;57.35065297;;;;;;;;;;;;;;;;;;;;
9;1;39;3;0;84.97774028;;;;;;;;;;;;;;;;;;;;
9;1;40;3;0;14.84311906;;;;;;;;;;;;;;;;;;;;
9;1;41;3;0;53.34219625;;;;;;;;;;;;;;;;;;;;
9;1;42;4;1;27.47993548;;;;;;;;;;;;;;;;;;;;
9;1;43;2;0;8.771723941;;;;;;;;;;;;;;;;;;;;
9;1;44;4;1;40.61909949;;;;;;;;;;;;;;;;;;;;
9;1;45;4;1;40.08202715;;;;;;;;;;;;;;;;;;;;
9;1;46;3;0;0.776623151;;;;;;;;;;;;;;;;;;;;
9;1;47;2;0;94.20040623;;;;;;;;;;;;;;;;;;;;
9;1;48;2;0;64.53663146;;;;;;;;;;;;;;;;;;;;
9;1;49;3;0;53.51407431;;;;;;;;;;;;;;;;;;;;
9;1;50;2;0;16.48780951;;;;;;;;;;;;;;;;;;;;
9;2;1;3;0;67.39994526;;;;;;;;;;;;;;;;;;;;
9;2;2;4;1;77.9620527;;;;;;;;;;;;;;;;;;;;
9;2;3;4;1;47.76279111;;;;;;;;;;;;;;;;;;;;
9;2;4;4;1;14.30729053;;;;;;;;;;;;;;;;;;;;
9;2;5;3;0;60.25589338;;;;;;;;;;;;;;;;;;;;
9;2;6;4;1;25.61242242;;;;;;;;;;;;;;;;;;;;
9;2;7;2;0;97.56728144;;;;;;;;;;;;;;;;;;;;
9;2;8;7;1;47.20476166;;;;;;;;;;;;;;;;;;;;
9;2;9;2;0;63.27489855;;;;;;;;;;;;;;;;;;;;
9;2;10;3;0;91.58823253;;;;;;;;;;;;;;;;;;;;
9;2;11;3;0;61.61446018;;;;;;;;;;;;;;;;;;;;
9;2;12;2;0;43.35060309;;;;;;;;;;;;;;;;;;;;
9;2;13;2;0;80.46898041;;;;;;;;;;;;;;;;;;;;
9;2;14;2;0;76.09669734;;;;;;;;;;;;;;;;;;;;
9;2;15;4;1;66.46411013;;;;;;;;;;;;;;;;;;;;
9;2;16;4;1;1.64705265;;;;;;;;;;;;;;;;;;;;
9;2;17;4;1;99.22702922;;;;;;;;;;;;;;;;;;;;
9;2;18;4;1;16.94686294;;;;;;;;;;;;;;;;;;;;
9;2;19;3;0;89.06952852;;;;;;;;;;;;;;;;;;;;
9;2;20;2;0;6.776247126;;;;;;;;;;;;;;;;;;;;
9;2;21;3;0;16.35321037;;;;;;;;;;;;;;;;;;;;
9;2;22;4;1;27.77281649;;;;;;;;;;;;;;;;;;;;
9;2;23;4;1;35.66152922;;;;;;;;;;;;;;;;;;;;
9;2;24;4;1;34.60950398;;;;;;;;;;;;;;;;;;;;
9;2;25;4;1;73.23339646;;;;;;;;;;;;;;;;;;;;
9;2;26;4;1;24.00084166;;;;;;;;;;;;;;;;;;;;
9;2;27;4;1;91.41425038;;;;;;;;;;;;;;;;;;;;
9;2;28;4;1;56.184294;;;;;;;;;;;;;;;;;;;;
9;2;29;4;1;25.64287334;;;;;;;;;;;;;;;;;;;;
9;2;30;4;1;70.96365056;;;;;;;;;;;;;;;;;;;;
9;2;31;2;0;18.37597532;;;;;;;;;;;;;;;;;;;;
9;2;32;4;1;92.23155213;;;;;;;;;;;;;;;;;;;;
9;2;33;2;0;75.55604148;;;;;;;;;;;;;;;;;;;;
9;2;34;3;0;32.00427436;;;;;;;;;;;;;;;;;;;;
9;2;35;3;0;20.80142187;;;;;;;;;;;;;;;;;;;;
9;2;36;4;1;84.64586584;;;;;;;;;;;;;;;;;;;;
9;2;37;4;1;89.88060226;;;;;;;;;;;;;;;;;;;;
9;2;38;4;1;94.22184376;;;;;;;;;;;;;;;;;;;;
9;2;39;4;1;45.2832366;;;;;;;;;;;;;;;;;;;;
9;2;40;4;1;98.69190122;;;;;;;;;;;;;;;;;;;;
9;2;41;2;0;6.305099743;;;;;;;;;;;;;;;;;;;;
9;2;42;3;0;50.20835549;;;;;;;;;;;;;;;;;;;;
9;2;43;2;0;70.52669057;;;;;;;;;;;;;;;;;;;;
9;2;44;4;1;32.08443223;;;;;;;;;;;;;;;;;;;;
9;2;45;4;1;51.22761208;;;;;;;;;;;;;;;;;;;;
9;2;46;3;0;32.10102543;;;;;;;;;;;;;;;;;;;;
9;2;47;2;0;75.51607312;;;;;;;;;;;;;;;;;;;;
9;2;48;3;0;19.21407297;;;;;;;;;;;;;;;;;;;;
9;2;49;4;1;48.24559381;;;;;;;;;;;;;;;;;;;;
9;2;50;4;1;96.47411093;;;;;;;;;;;;;;;;;;;;
10;1;1;4;1;30.14529225;;;;;;;;;;;;;;;;;;;;
10;1;2;4;1;89.60502036;;;;;;;;;;;;;;;;;;;;
10;1;3;5;1;55.48792095;;;;;;;;;;;;;;;;;;;;
10;1;4;5;1;73.75734023;;;;;;;;;;;;;;;;;;;;
10;1;5;4;1;28.39794212;;;;;;;;;;;;;;;;;;;;
10;1;6;3;0;15.38642901;;;;;;;;;;;;;;;;;;;;
10;1;7;4;1;23.17076465;;;;;;;;;;;;;;;;;;;;
10;1;8;4;1;67.44377312;;;;;;;;;;;;;;;;;;;;
10;1;9;5;1;13.3955542;;;;;;;;;;;;;;;;;;;;
10;1;10;4;1;96.40719747;;;;;;;;;;;;;;;;;;;;
10;1;11;5;1;9.18242573;;;;;;;;;;;;;;;;;;;;
10;1;12;5;1;23.54515076;;;;;;;;;;;;;;;;;;;;
10;1;13;4;1;54.89003029;;;;;;;;;;;;;;;;;;;;
10;1;14;4;1;44.9225226;;;;;;;;;;;;;;;;;;;;
10;1;15;4;1;24.39186917;;;;;;;;;;;;;;;;;;;;
10;1;16;7;1;56.54999105;;;;;;;;;;;;;;;;;;;;
10;1;17;6;1;12.26423456;;;;;;;;;;;;;;;;;;;;
10;1;18;5;1;73.8086337;;;;;;;;;;;;;;;;;;;;
10;1;19;4;1;38.50459081;;;;;;;;;;;;;;;;;;;;
10;1;20;5;1;60.67895344;;;;;;;;;;;;;;;;;;;;
10;1;21;4;1;93.67216662;;;;;;;;;;;;;;;;;;;;
10;1;22;4;1;50.1111169;;;;;;;;;;;;;;;;;;;;
10;1;23;4;1;6.0625056;;;;;;;;;;;;;;;;;;;;
10;1;24;4;1;89.14413646;;;;;;;;;;;;;;;;;;;;
10;1;25;4;1;29.7925778;;;;;;;;;;;;;;;;;;;;
10;1;26;5;1;16.82942259;;;;;;;;;;;;;;;;;;;;
10;1;27;5;1;95.48572822;;;;;;;;;;;;;;;;;;;;
10;1;28;4;1;10.67118087;;;;;;;;;;;;;;;;;;;;
10;1;29;4;1;25.20134306;;;;;;;;;;;;;;;;;;;;
10;1;30;5;1;68.31987947;;;;;;;;;;;;;;;;;;;;
10;1;31;4;1;12.91297528;;;;;;;;;;;;;;;;;;;;
10;1;32;4;1;98.84002963;;;;;;;;;;;;;;;;;;;;
10;1;33;5;1;87.36703876;;;;;;;;;;;;;;;;;;;;
10;1;34;5;1;2.870431264;;;;;;;;;;;;;;;;;;;;
10;1;35;4;1;52.93148411;;;;;;;;;;;;;;;;;;;;
10;1;36;4;1;86.09707855;;;;;;;;;;;;;;;;;;;;
10;1;37;4;1;51.5126951;;;;;;;;;;;;;;;;;;;;
10;1;38;4;1;59.59166636;;;;;;;;;;;;;;;;;;;;
10;1;39;4;1;18.15455096;;;;;;;;;;;;;;;;;;;;
10;1;40;4;1;67.30916342;;;;;;;;;;;;;;;;;;;;
10;1;41;4;1;29.76618122;;;;;;;;;;;;;;;;;;;;
10;1;42;5;1;25.01303383;;;;;;;;;;;;;;;;;;;;
10;1;43;5;1;27.806173;;;;;;;;;;;;;;;;;;;;
10;1;44;5;1;8.20777496;;;;;;;;;;;;;;;;;;;;
10;1;45;5;1;17.38150466;;;;;;;;;;;;;;;;;;;;
10;1;46;5;1;97.37266316;;;;;;;;;;;;;;;;;;;;
10;1;47;6;1;38.88776814;;;;;;;;;;;;;;;;;;;;
10;1;48;6;1;91.3341269;;;;;;;;;;;;;;;;;;;;
10;1;49;6;1;75.0287191;;;;;;;;;;;;;;;;;;;;
10;1;50;6;1;43.20169469;;;;;;;;;;;;;;;;;;;;
10;2;1;4;1;76.39518843;;;;;;;;;;;;;;;;;;;;
10;2;2;3;0;7.406511333;;;;;;;;;;;;;;;;;;;;
10;2;3;4;1;53.3750743;;;;;;;;;;;;;;;;;;;;
10;2;4;3;0;5.267641543;;;;;;;;;;;;;;;;;;;;
10;2;5;4;1;13.54500357;;;;;;;;;;;;;;;;;;;;
10;2;6;4;1;19.6956178;;;;;;;;;;;;;;;;;;;;
10;2;7;4;1;71.23212248;;;;;;;;;;;;;;;;;;;;
10;2;8;4;1;14.7244278;;;;;;;;;;;;;;;;;;;;
10;2;9;4;1;35.22796892;;;;;;;;;;;;;;;;;;;;
10;2;10;6;1;78.03913485;;;;;;;;;;;;;;;;;;;;
10;2;11;6;1;38.09296965;;;;;;;;;;;;;;;;;;;;
10;2;12;3;0;23.49533508;;;;;;;;;;;;;;;;;;;;
10;2;13;4;1;16.37993879;;;;;;;;;;;;;;;;;;;;
10;2;14;4;1;2.174056935;;;;;;;;;;;;;;;;;;;;
10;2;15;4;1;94.66083283;;;;;;;;;;;;;;;;;;;;
10;2;16;4;1;31.82416549;;;;;;;;;;;;;;;;;;;;
10;2;17;4;1;65.89132026;;;;;;;;;;;;;;;;;;;;
10;2;18;4;1;29.85868218;;;;;;;;;;;;;;;;;;;;
10;2;19;5;1;9.835780712;;;;;;;;;;;;;;;;;;;;
10;2;20;5;1;67.17559773;;;;;;;;;;;;;;;;;;;;
10;2;21;4;1;48.66600367;;;;;;;;;;;;;;;;;;;;
10;2;22;4;1;48.39287957;;;;;;;;;;;;;;;;;;;;
10;2;23;3;0;30.99722842;;;;;;;;;;;;;;;;;;;;
10;2;24;4;1;25.10029604;;;;;;;;;;;;;;;;;;;;
10;2;25;3;0;37.05369148;;;;;;;;;;;;;;;;;;;;
10;2;26;6;1;82.14993359;;;;;;;;;;;;;;;;;;;;
10;2;27;4;1;48.21403445;;;;;;;;;;;;;;;;;;;;
10;2;28;5;1;29.27902844;;;;;;;;;;;;;;;;;;;;
10;2;29;4;1;15.96489968;;;;;;;;;;;;;;;;;;;;
10;2;30;3;0;31.61216294;;;;;;;;;;;;;;;;;;;;
10;2;31;4;1;48.7166341;;;;;;;;;;;;;;;;;;;;
10;2;32;4;1;35.67391014;;;;;;;;;;;;;;;;;;;;
10;2;33;4;1;27.15209592;;;;;;;;;;;;;;;;;;;;
10;2;34;6;1;93.45039769;;;;;;;;;;;;;;;;;;;;
10;2;35;4;1;97.60672525;;;;;;;;;;;;;;;;;;;;
10;2;36;3;0;27.33597299;;;;;;;;;;;;;;;;;;;;
10;2;37;4;1;99.29468967;;;;;;;;;;;;;;;;;;;;
10;2;38;4;1;81.41929763;;;;;;;;;;;;;;;;;;;;
10;2;39;4;1;26.89644428;;;;;;;;;;;;;;;;;;;;
10;2;40;4;1;21.72852623;;;;;;;;;;;;;;;;;;;;
10;2;41;3;0;77.95578655;;;;;;;;;;;;;;;;;;;;
10;2;42;4;1;21.8322625;;;;;;;;;;;;;;;;;;;;
10;2;43;6;1;17.94569439;;;;;;;;;;;;;;;;;;;;
10;2;44;4;1;79.96314732;;;;;;;;;;;;;;;;;;;;
10;2;45;4;1;61.47643974;;;;;;;;;;;;;;;;;;;;
10;2;46;4;1;32.95120619;;;;;;;;;;;;;;;;;;;;
10;2;47;4;1;65.75204424;;;;;;;;;;;;;;;;;;;;
10;2;48;4;1;36.71639229;;;;;;;;;;;;;;;;;;;;
10;2;49;4;1;95.39354877;;;;;;;;;;;;;;;;;;;;
10;2;50;4;1;0.134324019;;;;;;;;;;;;;;;;;;;;
